{
	"data" : [
		{
			"badge"    : "Now Open",
			"category" : "Eat & Drink",
			"title"    : "Tom Restaurant",
			"address"  : "1169 Giraffe Hill Drive, Grand Prairie Texas",
			"image"    : "/static/images/most-img-1.jpg",
			"rating"   : "4",
			"review"   : "(12 reviews)"
		},
		{
			"badge"    : "Now Open",
			"category" : "Events",
			"title"    : "Sticky Band",
			"address"  : "2924 Elliott Street, Nashua New Hampshire",
			"image"    : "/static/images/most-img-2.jpg",
			"rating"   : "5",
			"review"   : "(23 reviews)"
		},
		{
			"badge"    : "Now Open",
			"category" : "Hotels",
			"title"    : "Hotel Govendor",
			"address"  : "4340 Cambridge Court Natural Dam, Arkansas",
			"image"    : "/static/images/most-img-3.jpg",
			"rating"   : "4.5",
			"review"   : "(17 reviews)"
		},
		{
			"badge"    : "Now Open",
			"category" : "Eat & Drink",
			"title"    : "Burger House 2",
			"address"  : "21025 Green Hill Rd, Farmington, MI, 48335",
			"image"    : "/static/images/most-img-4.jpg",
			"rating"   : "4.5",
			"review"   : "(31 reviews)"
		},
		{
			"badge"    : "Now Open",
			"category" : "Airport",
			"title"    : "Burger House",
			"address"  : "57 Douglas Gilbert Dr, State Line, MS, 39362",
			"image"    : "/static/images/most-img-2.jpg",
			"rating"   : "5",
			"review"   : "(46 reviews)"
		},
		{
			"badge"    : "Now Closed",
			"category" : "Eat & Drink",
			"title"    : "Think Coffee",
			"address"  : "958 Concord Way, Neshanic Station, NJ, 08853",
			"image"    : "/static/images/most-img-6.jpg",
			"rating"   : "4",
			"review"   : "(15 reviews)"
		}

	]
}